{
  "hash": "73e678d5",
  "configHash": "02d50c85",
  "lockfileHash": "e4a66053",
  "browserHash": "06822a4c",
  "optimized": {
    "@angular/common/http": {
      "src": "../../../../../node_modules/.pnpm/@angular+common@18.2.2_@angular+core@18.2.2_rxjs@7.8.1_zone.js@0.14.10__rxjs@7.8.1/node_modules/@angular/common/fesm2022/http.mjs",
      "file": "@angular_common_http.js",
      "fileHash": "73fec22c",
      "needsInterop": false
    },
    "@angular/core": {
      "src": "../../../../../node_modules/.pnpm/@angular+core@18.2.2_rxjs@7.8.1_zone.js@0.14.10/node_modules/@angular/core/fesm2022/core.mjs",
      "file": "@angular_core.js",
      "fileHash": "ec0ffcef",
      "needsInterop": false
    },
    "@angular/platform-browser": {
      "src": "../../../../../node_modules/.pnpm/@angular+platform-browser@18.2.2_@angular+animations@18.2.2_@angular+core@18.2.2_rxjs@7.8.1_z_qopfis46fs7yca2svghhzq3pvm/node_modules/@angular/platform-browser/fesm2022/platform-browser.mjs",
      "file": "@angular_platform-browser.js",
      "fileHash": "9bdf6c66",
      "needsInterop": false
    },
    "@angular/router": {
      "src": "../../../../../node_modules/.pnpm/@angular+router@18.2.2_@angular+common@18.2.2_@angular+core@18.2.2_rxjs@7.8.1_zone.js@0.14.10_j22vyqca4jrvv7ux44kj3qm3xy/node_modules/@angular/router/fesm2022/router.mjs",
      "file": "@angular_router.js",
      "fileHash": "9a459d05",
      "needsInterop": false
    }
  },
  "chunks": {
    "chunk-PZOKL6QH": {
      "file": "chunk-PZOKL6QH.js"
    },
    "chunk-GSKNT3ZV": {
      "file": "chunk-GSKNT3ZV.js"
    },
    "chunk-2VEDCIRB": {
      "file": "chunk-2VEDCIRB.js"
    }
  }
}